locus_tag,fitness
SPD_0001,0
SPD_0002,0.297008248215896
SPD_0003,0.481195332471997
SPD_0004,0.346221276748123
SPD_0005,0.403013688444033
SPD_0006,0.411941995498904
SPD_0007,0.495193692181988
SPD_0008,0
SPD_0009,0.491633944632422
SPD_0010,0.292112879212906
SPD_0011,0
SPD_0012,0.408574011675184
SPD_0013,0
SPD_0014,1
SPD_0023,0.531532586083168
SPD_0024,0.262920899391853
SPD_0025,0.430103781588002
SPD_0027,0.459368937845531
SPD_0028,0.597981677679874
SPD_0029,1
SPD_0030,0.505501780319795
SPD_0031,0.596415512113106
SPD_0032,0.97922266593788
SPD_0033,0
SPD_0035,0.62683142473836
SPD_0036,1
SPD_0037,0.482661496393918
SPD_0038,0.0135168205983643
SPD_0039,0.500598855561315
SPD_0040,0.571877719324774
SPD_0041,0.356102847563152
SPD_0042,0.357673534155698
SPD_0043,0.325689834796829
SPD_0044,0.471464902747875
SPD_0046,0.497019824346036
SPD_0047,1
SPD_0049,0.571839571166762
SPD_0050,0.611604561015179
SPD_0051,0.542053144233959
SPD_0052,0.537682028690529
SPD_0053,0.540366992390707
SPD_0054,0.491137420961083
SPD_0055,0.496222137861856
SPD_0056,0.863994986934987
SPD_0057,0.543218667500593
SPD_0058,0.663234384592075
SPD_0059,0.451640711451794
SPD_0060,0.460741571757937
SPD_0061,0.641783807404464
SPD_0062,0.270514760926986
SPD_0063,0.725628786946002
SPD_0064,0.46077646896351
SPD_0065,0.594872496529599
SPD_0066,0.559169745240133
SPD_0067,0.816683548531316
SPD_0068,0.709905350594412
SPD_0069,0.524008010993029
SPD_0070,0.708855926676431
SPD_0071,0.590040471329362
SPD_0072,1
SPD_0073,1
SPD_0074,0.518605698095421
SPD_0075,1
SPD_0076,0.724412241893317
SPD_0077,0.524176761347921
SPD_0078,1
SPD_0079,1
SPD_0080,1
SPD_0081,0.592285965445727
SPD_0082,0.495931434588568
SPD_0083,0.38818303711716
SPD_0084,1
SPD_0085,0.499760384819886
SPD_0086,0.518283742211619
SPD_0087,0.50812552250506
SPD_0088,0.839514683243082
SPD_0089,0.608826874521112
SPD_0090,0.632708031498836
SPD_0091,0.505842731405423
SPD_0092,0.658125151916167
SPD_0093,0.788049374503596
SPD_0094,0.599448262450986
SPD_0095,0.529878092263708
SPD_0096,0.534339904339928
SPD_0097,0.793731644370211
SPD_0098,0.335156802598928
SPD_0099,0.156930084821303
SPD_0101,0.729869144158319
SPD_0102,0.417437804825452
SPD_0103,0.433953681404657
SPD_0104,0.569110147864905
SPD_0105,0.503716403055488
SPD_0106,1
SPD_0107,0.858566300172657
SPD_0108,0.547170220349615
SPD_0109,0.541776312715124
SPD_0110,0.387011532106814
SPD_0111,1
SPD_0112,0.41671946190485
SPD_0114,1
SPD_0115,1
SPD_0116,0.77231757493173
SPD_0117,1
SPD_0118,1
SPD_0119,1
SPD_0120,1
SPD_0121,1
SPD_0122,1
SPD_0123,1
SPD_0124,1
SPD_0125,0.631285099363864
SPD_0126,1
SPD_0127,0
SPD_0128,0.432517616427414
SPD_0129,0.134626901792438
SPD_0130,0
SPD_0131,0
SPD_0132,0.52783875051241
SPD_0133,0.516195543395722
SPD_0134,0.385626004904088
SPD_0135,0.464242314875803
SPD_0136,0.312467631905547
SPD_0138,0.911491277409889
SPD_0139,1.31510052681474
SPD_0140,1.18716120490205
SPD_0141,1.57835263941686
SPD_0142,1.21222067099287
SPD_0143,1
SPD_0144,0.72877946927559
SPD_0145,0.598481609469425
SPD_0146,0.867826459825192
SPD_0147,0.795382128745921
SPD_0148,0.775074257837537
SPD_0149,0.825143277614528
SPD_0150,0.356771690733374
SPD_0151,0.57710378040386
SPD_0152,0.67565536651012
SPD_0153,0.579955555738633
SPD_0154,0.545230808462405
SPD_0155,0.63345875582533
SPD_0156,0.643137711391749
SPD_0157,0.883237874127777
SPD_0158,0.848192242967881
SPD_0159,0.835141804623068
SPD_0160,0.42539993604652
SPD_0161,0.658660596997501
SPD_0162,0.522589824851101
SPD_0163,0.557815193953416
SPD_0164,0.490367039696102
SPD_0165,0.629186772284329
SPD_0166,0.824860535214719
SPD_0167,0.937747250842985
SPD_0168,0.881003257439483
SPD_0169,0.810333935240992
SPD_0170,0
SPD_0171,0.439482642592184
SPD_0172,0.768019578630312
SPD_0173,0.619669301765569
SPD_0174,0.523906728728632
SPD_0175,0
SPD_0176,0
SPD_0177,0.494218450506522
SPD_0178,0.454304440693041
SPD_0179,0.464103243743383
SPD_0180,0.460257271232128
SPD_0181,1
SPD_0182,0.453091852517967
SPD_0183,0.283268583202304
SPD_0184,1
SPD_0185,0.233656242535233
SPD_0186,0.506769613167301
SPD_0187,0.0936083836046422
SPD_0188,0.503095987004743
SPD_0189,0.419488149461246
SPD_0190,0.399398989913136
SPD_0191,0.459696916575073
SPD_0192,0
SPD_0193,0
SPD_0194,0
SPD_0195,0
SPD_0196,0
SPD_0197,0
SPD_0198,0
SPD_0199,0
SPD_0200,0
SPD_0201,0
SPD_0202,0
SPD_0203,0
SPD_0204,0
SPD_0205,0
SPD_0206,0
SPD_0207,0
SPD_0208,0
SPD_0209,0
SPD_0210,0
SPD_0211,0
SPD_0212,0
SPD_0213,0
SPD_0214,0
SPD_0215,0
SPD_0216,0
SPD_0217,0
SPD_0218,0
SPD_0219,0
SPD_0220,0.556400108046678
SPD_0222,0.50991038195819
SPD_0223,1
SPD_0224,1
SPD_0225,0.59955805769462
SPD_0226,1.41563612703209
SPD_0227,2
SPD_0228,1
SPD_0229,0.720632851345211
SPD_0230,0.545595513904027
SPD_0231,0.805790045778482
SPD_0232,0.683981192515862
SPD_0233,0.800901193155894
SPD_0234,1.06137998311766
SPD_0235,1.21507606235831
SPD_0236,0.831686031734025
SPD_0237,0.872875484966111
SPD_0238,0.0288881559258726
SPD_0239,0.506413975702299
SPD_0240,1
SPD_0241,0
SPD_0242,0.537657042430769
SPD_0243,0
SPD_0244,0
SPD_0245,0.369346957391803
SPD_0246,0.149237552900235
SPD_0247,0.527216353210679
SPD_0248,0.160463688433351
SPD_0249,0.615869830843629
SPD_0250,0.714371378894046
SPD_0251,0
SPD_0252,0.415675099428662
SPD_0253,0.100661596469312
SPD_0254,0.00741220090395797
SPD_0255,0.497256386944245
SPD_0256,0.467253255819167
SPD_0257,0.503708403683059
SPD_0258,0.322484747562718
SPD_0259,0.469570449032744
SPD_0260,0.512584337184378
SPD_0261,0.460403510598557
SPD_0262,0.430790390723986
SPD_0263,0.410115182926337
SPD_0264,0.368011348037252
SPD_0265,0.493921204070163
SPD_0266,0.455480748118032
SPD_0267,0.697460384798938
SPD_0268,0.578045128939287
SPD_0269,0.359568795789439
SPD_0270,0
SPD_0271,0
SPD_0272,0
SPD_0273,0.497661040386193
SPD_0274,0
SPD_0275,0
SPD_0276,0.856505405085022
SPD_0277,0.895167955014718
SPD_0278,0.943213410001847
SPD_0279,0.533744987625958
SPD_0280,0.833680826444341
SPD_0281,0.639077770703199
SPD_0282,0.679347395994416
SPD_0283,0.975747656880946
SPD_0284,0.528796038374162
SPD_0285,1.10602070823453
SPD_0286,0.572430026159805
SPD_0287,0.976505006630945
SPD_0289,0.669833580108666
SPD_0290,0.656719724643542
SPD_0291,0.605205472117059
SPD_0292,0.715284681526462
SPD_0293,0.600930489336108
SPD_0294,0.781400345541984
SPD_0295,0.643210507658522
SPD_0296,0.720711330011606
SPD_0297,0.840041660086142
SPD_0298,0.538064099446138
SPD_0300,0.587774602217908
SPD_0301,0.405048612048619
SPD_0302,1
SPD_0303,0.476567297128806
SPD_0304,0
SPD_0305,0
SPD_0306,0
SPD_0307,0.320169888796142
SPD_0308,0.455340612079461
SPD_0309,0.47565090492129
SPD_0310,0.36428533873333
SPD_0311,0.675391332967746
SPD_0313,1
SPD_0315,0.338243578489532
SPD_0316,1
SPD_0317,1
SPD_0318,1
SPD_0319,1
SPD_0320,1
SPD_0321,1
SPD_0322,1
SPD_0323,1
SPD_0324,1
SPD_0325,1
SPD_0326,1
SPD_0327,1
SPD_0328,1
SPD_0329,1
SPD_0330,1
SPD_0331,1
SPD_0333,1
SPD_0334,0.80379369838526
SPD_0335,0.880209640096635
SPD_0336,0.108163883432347
SPD_0337,0.390097481345482
SPD_0338,0.459135406426903
SPD_0339,0
SPD_0341,0.519347910540923
SPD_0342,0.356355759295906
SPD_0343,0
SPD_0344,0
SPD_0345,1
SPD_0346,0
SPD_0347,0
SPD_0348,0
SPD_0349,0
SPD_0350,0
SPD_0351,0.330716134449241
SPD_0352,0.479513335259442
SPD_0353,1
SPD_0355,0.501615152738722
SPD_0357,1
SPD_0359,1
SPD_0360,0.808497022295239
SPD_0361,0.96738316869788
SPD_0362,0.720168238594308
SPD_0363,0.767880043935477
SPD_0364,0.524340802562042
SPD_0365,0.28488712181021
SPD_0366,0.31039633165323
SPD_0367,0
SPD_0368,0.353753496044196
SPD_0369,0.499692054236983
SPD_0370,0.45932650715753
SPD_0371,0.293235020676469
SPD_0372,0.446248835024384
SPD_0373,0.479915654296325
SPD_0374,0.584135723369862
SPD_0375,0
SPD_0376,0.467250491467526
SPD_0377,0.430585061600421
SPD_0378,0.356153975035978
SPD_0379,0.432443845123502
SPD_0380,0
SPD_0381,0
SPD_0382,0
SPD_0383,0
SPD_0384,0
SPD_0385,0.271164036459263
SPD_0386,0
SPD_0387,0
SPD_0388,0.265308343961447
SPD_0389,0
SPD_0390,0
SPD_0391,0.521091928782358
SPD_0392,0.533737897838232
SPD_0393,0
SPD_0394,0
SPD_0395,0
SPD_0396,0
SPD_0397,0
SPD_0398,0
SPD_0399,0.302302460756744
SPD_0400,1
SPD_0401,0.477720532713492
SPD_0402,0.435826296477892
SPD_0403,0.191624942173145
SPD_0404,0.56774360865307
SPD_0405,0.515370179452662
SPD_0406,0.631802530042247
SPD_0407,0.653725282920769
SPD_0408,0.537448374208286
SPD_0409,0.76310095778688
SPD_0410,0.474900943328145
SPD_0411,0.383800297119214
SPD_0412,0.600935354724089
SPD_0414,0.66274880159025
SPD_0413,1
SPD_0417,0.348318125052483
SPD_0418,1
SPD_0419,0.336591690504365
SPD_0420,0.486045412360747
SPD_0421,1
SPD_0422,0.530636945103377
SPD_0423,0.797168133355114
SPD_0424,0.882988896322631
SPD_0425,1.25422052087037
SPD_0426,0.587283266843727
SPD_0427,0.952805771702762
SPD_0428,0.924186578625672
SPD_0429,0.439398014814198
SPD_0430,0.504912211377149
SPD_0431,0.714436399140889
SPD_0432,0.495644704775098
SPD_0433,1
SPD_0434,0.674359395820405
SPD_0435,0.703234181707855
SPD_0436,0.467596771841872
SPD_0437,0.570081464488838
SPD_0438,0.463133306617712
SPD_0439,0.549831114437136
SPD_0440,0.456496915343958
SPD_0441,0.39720206151838
SPD_0442,0.424623727543002
SPD_0443,0.606515765055433
SPD_0444,0.703434634199902
SPD_0445,0.273689992886398
SPD_0446,0.424734619253308
SPD_0447,0.447615140285214
SPD_0448,0.278755094227914
SPD_0449,1
SPD_0451,1
SPD_0450,0.641018601795873
SPD_0452,0.662654277391434
SPD_0453,1
SPD_0454,0.603911039027884
SPD_0455,0.755480450248458
SPD_0456,0.491877833489583
SPD_0457,0.475187585431433
SPD_0458,0.326010005870603
SPD_0459,0.440439424359517
SPD_0460,0.1624236489742
SPD_0461,0.310116876976175
SPD_0462,0.488954576546152
SPD_0463,0.458047191022552
SPD_0464,0.463678927573225
SPD_0465,0.465853835527441
SPD_0466,0.502716172609491
SPD_0467,0.679154541898891
SPD_0468,0.541631688848036
SPD_0469,1
SPD_0470,0.541737734490606
SPD_0473,0.670966519339113
SPD_0474,0.680105267908757
SPD_0475,0.578446375510276
SPD_0476,0
SPD_0477,0.421264316220572
SPD_0478,0
SPD_0479,0.287619856682947
SPD_0480,0
SPD_0481,0
SPD_0482,0
SPD_0483,0.441454189912338
SPD_0484,0.674638564494629
SPD_0485,1
SPD_0486,1
SPD_0487,0.491584277839362
SPD_0488,0.441380178756283
SPD_0489,0.467472604908546
SPD_0490,0.49115565471393
SPD_0491,0.466229571436211
SPD_0492,1
SPD_0493,1
SPD_0494,0
SPD_0495,1
SPD_0496,0.357309380713521
SPD_0499,1
SPD_0501,0.830637777286743
SPD_0502,1.0847328246873
SPD_0503,1.20538413960088
SPD_0504,0
SPD_0505,0.454731054818085
SPD_0506,0.0374539032047402
SPD_0507,0.802376732672499
SPD_0509,0.465177984765047
SPD_0510,0.52845963219605
SPD_0511,0.489783231799042
SPD_0512,0.264496357453614
SPD_0513,0.434397095738574
SPD_0514,0.514612691355475
SPD_0515,0
SPD_0516,0.476928490627892
SPD_0517,0.480609900730942
SPD_0518,0.581968416993883
SPD_0519,0.485663198459619
SPD_0521,0.470584687907209
SPD_0522,0.685896338384189
SPD_0523,0.570856138171969
SPD_0524,0.48357913275138
SPD_0525,0.672298407988695
SPD_0526,0.339801138944438
SPD_0527,0.800859095671542
SPD_0528,0.603853253555088
SPD_0529,0.703846416143159
SPD_0530,0.561535535994238
SPD_0532,0.075392229363602
SPD_0533,0.188346574212193
SPD_0534,0.414891998798981
SPD_0535,0.502316936941281
SPD_0536,0.283326758848308
SPD_0537,0.540307160790204
SPD_0538,0.160153418052279
SPD_0539,0.408499062225601
SPD_0540,0.519994170714221
SPD_0541,0.466743349248225
SPD_0542,0.307276185771321
SPD_0543,0.481914400395447
SPD_0544,1
SPD_0545,1
SPD_0546,0.493737893942836
SPD_0547,0.640378840247952
SPD_0548,0.488313478399462
SPD_0549,0.460709691309041
SPD_0550,0
SPD_0551,0.383890731060103
SPD_0552,1
SPD_0553,0.842698873318663
SPD_0554,0.437261567608899
SPD_0555,0.536438813802475
SPD_0556,0.640467329287866
SPD_0558,1.22874302215403
SPD_0559,0.460800720036814
SPD_0560,0.453091852517967
SPD_0561,0.669302463465495
SPD_0562,0.727537773654713
SPD_0564,0.484427031690602
SPD_0565,1
SPD_0566,1
SPD_0567,0.531895289902649
SPD_0568,0.462336425850465
SPD_0569,0.531105722511758
SPD_0570,0.567425719987209
SPD_0571,0.638966495982331
SPD_0572,0.500479707853797
SPD_0573,0.540870757543583
SPD_0574,0.513068852693697
SPD_0575,0.59604714367766
SPD_0576,0.533462229416595
SPD_0577,1
SPD_0578,0.516249110654101
SPD_0579,0.651793434172724
SPD_0580,0.44360886221158
SPD_0581,0
SPD_0582,0.485762232076293
SPD_0583,0
SPD_0584,0.377520353366502
SPD_0585,0.463337941268053
SPD_0586,0
SPD_0587,0.440414784285706
SPD_0588,0.591190213304967
SPD_0589,0.55554517481787
SPD_0590,0.535360512803882
SPD_0591,0.596317864435943
SPD_0592,0.576560992958665
SPD_0593,0
SPD_0594,0.473985775559176
SPD_0595,1
SPD_0596,0.808213713965521
SPD_0597,0.592937870715132
SPD_0598,0
SPD_0599,0
SPD_0600,0.2748912909116
SPD_0601,0.500810662468538
SPD_0602,0.490910951996252
SPD_0603,0.714792540049613
SPD_0604,0.698802681223288
SPD_0606,0.620592793373048
SPD_0608,0.376978636385378
SPD_0609,0.397255978638872
SPD_0610,0.693160674007459
SPD_0611,0.808312228089237
SPD_0612,0.975558209594065
SPD_0613,0.728594859546388
SPD_0614,0.799109430828006
SPD_0616,0.471445000609753
SPD_0617,0.532965830525246
SPD_0618,0.553773076099246
SPD_0619,1
SPD_0620,0
SPD_0621,0.418368503448024
SPD_0622,0.500278764537616
SPD_0623,0.735307222177224
SPD_0624,0.791067209296321
SPD_0625,0.577981781680571
SPD_0626,0.518685517088992
SPD_0627,0.548246484828934
SPD_0628,0.542259935163157
SPD_0629,0.609950579548933
SPD_0630,0.532323601634398
SPD_0631,0.493196910123422
SPD_0632,0.481774643250332
SPD_0633,0.480869916825644
SPD_0634,0.524731080629196
SPD_0635,0.573548637886069
SPD_0636,0.173616026656974
SPD_0637,0.487261203953348
SPD_0638,1
SPD_0639,0.469866927727099
SPD_0641,0.345211866265374
SPD_0642,0.477894900572266
SPD_0644,0.50253987622138
SPD_0645,0.42817371567716
SPD_0646,0.451804688964361
SPD_0647,0.440050548134235
SPD_0648,0.682795987202398
SPD_0649,0.428058863087921
SPD_0650,0.405468673574736
SPD_0651,0.517211210172052
SPD_0652,0.486572653169871
SPD_0653,0.59057547475371
SPD_0654,0.508888285142623
SPD_0655,0.544732970777137
SPD_0656,0.441898692669164
SPD_0657,0.531975592855581
SPD_0658,0
SPD_0659,0
SPD_0660,0.333597496940783
SPD_0661,0.556165609899177
SPD_0662,0.519845445674496
SPD_0663,0.245918330004144
SPD_0664,0
SPD_0665,0.456651102031498
SPD_0666,0.304794082445701
SPD_0667,0.393604430897365
SPD_0668,0.510417500812542
SPD_0669,0.497913368489778
SPD_0670,1
SPD_0671,0.489118836176955
SPD_0672,0.599542875909288
SPD_0673,0.519612126298414
SPD_0674,0
SPD_0675,0.461235904876436
SPD_0676,0.602685425289039
SPD_0677,0.625211394640198
SPD_0678,0.408057802903002
SPD_0679,0
SPD_0680,0.465849323647916
SPD_0681,0.483295173452353
SPD_0683,0.467775818836993
SPD_0682,1
SPD_0684,0.465790967244947
SPD_0685,0.56497830128964
SPD_0686,0.558534747224302
SPD_0687,0.428132099918141
SPD_0688,0.598279152622768
SPD_0689,0.122194409453171
SPD_0690,1
SPD_0691,0.454682023354227
SPD_0692,0.567068661290566
SPD_0693,0.589305557194278
SPD_0694,0.486000642392425
SPD_0695,0.50006186669578
SPD_0696,0.509011999823312
SPD_0697,1
SPD_0698,0.553866213352024
SPD_0699,0.472946487306014
SPD_0700,0.216311496685328
SPD_0701,0.376014271265801
SPD_0702,0.28304393021157
SPD_0703,0.47938123544271
SPD_0704,0.559856668046757
SPD_0705,0.315628690153415
SPD_0706,0.27838426739045
SPD_0707,0.430614108773937
SPD_0708,0.424550107858435
SPD_0709,0
SPD_0710,0
SPD_0711,0.468749412544408
SPD_0712,1
SPD_0714,0.463181886179563
SPD_0715,0.586586540627795
SPD_0716,1
SPD_0717,0.436337326019272
SPD_0718,0.474316761950883
SPD_0719,0.544169748182503
SPD_0720,0.417582331343012
SPD_0721,0.340398780545222
SPD_0722,1
SPD_0723,0.380484954205731
SPD_0724,0.457995973352479
SPD_0726,0.4615397641666
SPD_0727,0.510774998918325
SPD_0728,0.676187423509912
SPD_0729,0.457982351469984
SPD_0730,0.402822621156925
SPD_0731,0.451948033002243
SPD_0732,0.470894415301071
SPD_0733,0.327473269283728
SPD_0734,0.472946487306014
SPD_0735,0.403806412318027
SPD_0736,0.336929522672965
SPD_0737,0.551483582340474
SPD_0738,0.480034047920523
SPD_0739,0.348813009536294
SPD_0740,0.308229937199804
SPD_0741,0.391119846269826
SPD_0742,0.403324757477837
SPD_0745,0
SPD_0746,0.133854166604184
SPD_0747,0.487276602456283
SPD_0748,0
SPD_0749,0.332677507155414
SPD_0750,1
SPD_0751,0.519876463532391
SPD_0752,0.504110489539144
SPD_0753,0.466797621841523
SPD_0754,0.464667257807283
SPD_0757,0
SPD_0759,0.437264644339102
SPD_0760,0
SPD_0761,0.483378589490733
SPD_0762,0.359077041778643
SPD_0763,0
SPD_0764,0
SPD_0765,0.424145339731508
SPD_0766,0.234143238047235
SPD_0767,0.276439868772512
SPD_0768,0.311841531443745
SPD_0771,0.414998328534011
SPD_0772,0.346932882718197
SPD_0773,0.433888245272472
SPD_0774,0
SPD_0775,0.530650017243306
SPD_0776,0.355581682684784
SPD_0777,0.437948426230798
SPD_0778,0.489482471065537
SPD_0779,0.493097817004904
SPD_0780,0.494142067506635
SPD_0781,0.628846425835547
SPD_0782,0.646659001295921
SPD_0783,0.634599634635452
SPD_0784,0.736125718776511
SPD_0785,1
SPD_0786,0.50514698316785
SPD_0787,0.501189567295694
SPD_0788,0
SPD_0789,0
SPD_0790,0.218740860124381
SPD_0791,1
SPD_0792,0.545266180743002
SPD_0793,1
SPD_0795,0.508304720954833
SPD_0796,1
SPD_0797,0.683595204090698
SPD_0798,0.521732885817795
SPD_0799,0.493232980489649
SPD_0800,1.67905636057925
SPD_0801,1.01177996612544
SPD_0802,0.32936233506856
SPD_0803,0.508006464170222
SPD_0804,0.563467239899098
SPD_0805,0.697000504287428
SPD_0806,0.474524740801364
SPD_0807,1
SPD_0808,1
SPD_0809,0.544068790416152
SPD_0811,0.48020260132641
SPD_0812,0.6149909199086
SPD_0813,0.602937794869997
SPD_0814,0.500650498583307
SPD_0815,0.527725636551353
SPD_0816,0.515312138921204
SPD_0817,0.649094872039395
SPD_0818,0.42125348367032
SPD_0819,0.439714759789535
SPD_0820,0.336617461920472
SPD_0821,0.479174029888153
SPD_0822,0.509691098801189
SPD_0823,0.481345508336149
SPD_0824,0.44764546394746
SPD_0825,0
SPD_0826,0.345192109970149
SPD_0827,0
SPD_0828,0.382839365929566
SPD_0829,0.473537974110608
SPD_0831,1
SPD_0830,1
SPD_0832,1
SPD_0833,0.457710014796014
SPD_0834,0
SPD_0835,0
SPD_0836,0.41076202972822
SPD_0837,0.479365453009828
SPD_0838,0.385886986920424
SPD_0839,0.596410805245682
SPD_0840,0.530285038927399
SPD_0842,0.52614399560148
SPD_0843,0.509936572203845
SPD_0844,0.56643934453736
SPD_0845,0.582513265050396
SPD_0846,0.584101737281584
SPD_0847,0
SPD_0848,0
SPD_0849,0.444773276522438
SPD_0850,0.54522002535424
SPD_0851,0.471603546276058
SPD_0852,0.442071963821014
SPD_0853,1
SPD_0854,0.414236173143706
SPD_0855,0
SPD_0856,0.430218480247647
SPD_0857,0.346022943099213
SPD_0858,0.378790640285658
SPD_0859,0
SPD_0860,0.331163396937049
SPD_0861,0.464145100794835
SPD_0862,0.193721839580366
SPD_0863,0.423991825597091
SPD_0864,0.407669573486897
SPD_0865,0.414479803051602
SPD_0866,0.503202438308173
SPD_0867,0.410070094031556
SPD_0868,0.509020088739574
SPD_0869,1
SPD_0870,0.4568032464391
SPD_0871,0.459702792049516
SPD_0872,0.471838586223627
SPD_0873,0.531505730127412
SPD_0874,0
SPD_0875,0.440392618718633
SPD_0876,0.451204563676149
SPD_0877,0
SPD_0878,0
SPD_0879,0.447381906792352
SPD_0880,0.176982869407971
SPD_0883,0.493523573794534
SPD_0884,0.444771006026149
SPD_0885,0.46507916245306
SPD_0886,0.507939793900386
SPD_0887,0.702921989722585
SPD_0888,0.4657513135809
SPD_0889,0.331629642218787
SPD_0890,0.755800119533331
SPD_0893,0.513860303185038
SPD_0894,0.569071577247612
SPD_0895,0.606535121780672
SPD_0896,0.482115547967293
SPD_0897,0.591154299525917
SPD_0898,0.561169047413091
SPD_0900,0.41836088655366
SPD_0901,0.473563937172034
SPD_0902,0.238838250975912
SPD_0903,0.485668938127541
SPD_0904,0.437813773295931
SPD_0905,0.48296884483854
SPD_0906,0.296676963844765
SPD_0907,0.363090287687829
SPD_0908,0
SPD_0909,0.465323399631945
SPD_0910,0.437653686014102
SPD_0911,0.380405570200181
SPD_0912,0.431126768456294
SPD_0913,0.443528326776894
SPD_0914,0.438948273961411
SPD_0915,0.676111730770044
SPD_0916,0.883208629202175
SPD_0917,0.835475731830404
SPD_0918,0.790645467495978
SPD_0919,0.55531614478728
SPD_0920,0.507026312681781
SPD_0921,1.16639231764616
SPD_0922,0.606488766258098
SPD_0923,0.503807981236118
SPD_0924,0.763169343044828
SPD_0925,0.754577120453723
SPD_0926,0.649751193028672
SPD_0927,1
SPD_0928,0.57626509673624
SPD_0929,0.669015326608865
SPD_0930,0.536645517575886
SPD_0931,0.68030535399993
SPD_0932,1.29700824752258
SPD_0933,0.807926003063593
SPD_0934,1
SPD_0935,1
SPD_0936,1
SPD_0938,1
SPD_0939,1
SPD_0940,1
SPD_0941,1
SPD_0942,1
SPD_0943,1
SPD_0944,1
SPD_0945,1
SPD_0946,1
SPD_0947,1
SPD_0948,1
SPD_0949,1
SPD_0950,1
SPD_0951,1
SPD_0952,0
SPD_0953,0.118401179482815
SPD_0954,0.406814985408533
SPD_0955,0.484696779974336
SPD_0956,0.408886936265859
SPD_0957,0
SPD_0958,0
SPD_0959,0.452921461104281
SPD_0960,0
SPD_0961,0.27800568514471
SPD_0962,0.484621707523276
SPD_0963,0.485545470787111
SPD_0964,0
SPD_0965,0
SPD_0967,0.260460163825298
SPD_0968,0.434608179702394
SPD_0969,0.336929522672964
SPD_0970,0
SPD_0971,1
SPD_0972,1
SPD_0973,0.0625526408614646
SPD_0975,0.43279330083327
SPD_0974,0.420500013615616
SPD_0976,0.393189567235293
SPD_0977,0.487585724537615
SPD_0978,0.468001028117641
SPD_0979,0
SPD_0980,0.322310785499863
SPD_0981,0.435841501953666
SPD_0982,0.445613285642445
SPD_0983,0.348955908757936
SPD_0984,0.461370589128387
SPD_0985,0.349413834046837
SPD_0987,0.461010938214867
SPD_0988,0.443059159915509
SPD_0989,0
SPD_0990,0
SPD_0991,0
SPD_0992,0.495470855659301
SPD_0993,0.481950078667071
SPD_0994,0.33998278614391
SPD_0995,0.595156840895711
SPD_0996,0.47805525805639
SPD_0997,0.465668595890362
SPD_0998,0.38957973302761
SPD_0999,0.558375803893012
SPD_1000,0.694729705775807
SPD_1001,0.136137041065772
SPD_1002,0.514311810192242
SPD_1003,1
SPD_1004,0.468486433611024
SPD_1005,0.601043961189463
SPD_1006,0.578634509929472
SPD_1007,0.758900221850256
SPD_1008,0.461695617841254
SPD_1011,0.517199721571326
SPD_1010,0.521428299172236
SPD_1012,0.259663111332601
SPD_1013,0.434321887336021
SPD_1014,1
SPD_1015,0
SPD_1016,0.0190900408051848
SPD_1017,0.322162873285297
SPD_1018,1
SPD_1019,0.348318125052483
SPD_1020,0.398994723930942
SPD_1021,0.319913361818742
SPD_1022,0.521819464314066
SPD_1023,0.300587527150422
SPD_1024,0.538350888055224
SPD_1025,0.435385576244823
SPD_1026,0.46136774263507
SPD_1027,0.401448286260686
SPD_1028,0.484123829018754
SPD_1029,0.422782023192958
SPD_1030,0.276060064658285
SPD_1031,0.43497628194275
SPD_1032,0.435375405338465
SPD_1033,0.588450066785606
SPD_1034,0.446108172299516
SPD_1035,0.526516129695138
SPD_1036,1
SPD_1037,1
SPD_1038,0.611597616086844
SPD_1039,0.179645856382786
SPD_1040,0
SPD_1041,0.466661792303329
SPD_1042,0.0868521459057629
SPD_1043,0.32873441156237
SPD_1044,0.406359305046242
SPD_1045,1
SPD_1046,0.589327234836607
SPD_1047,0.749153625680838
SPD_1048,0.55736337228413
SPD_1049,0.58659607921601
SPD_1050,0.318393950251186
SPD_1051,0.500121765881511
SPD_1052,0.440131569414592
SPD_1053,0.479537729043501
SPD_1054,0.484206505693904
SPD_1057,0.474590979118018
SPD_1059,1
SPD_1060,0.192007522222108
SPD_1061,0.461023151731028
SPD_1062,0.294107369625217
SPD_1063,0.431917054179268
SPD_1064,0
SPD_1065,0.34866639605309
SPD_1066,0.469410439770406
SPD_1067,0.25370870109531
SPD_1068,0.465421103462753
SPD_1069,0.458196257199127
SPD_1070,0.37557414240265
SPD_1071,1
SPD_1072,0.386964192586344
SPD_1073,1
SPD_1074,1
SPD_1075,0.463869768148141
SPD_1076,0.40038485864311
SPD_1077,0.0237980402430584
SPD_1078,0.321621094808656
SPD_1079,0.565648609332661
SPD_1080,0.302901394886983
SPD_1081,0.471884423880368
SPD_1082,0.462598975250589
SPD_1083,0.356146412041335
SPD_1084,0.255625087660159
SPD_1085,0
SPD_1086,0.46183763268921
SPD_1087,0.330520527822099
SPD_1088,0
SPD_1089,0.400921513474296
SPD_1090,0.410808926335953
SPD_1091,0.688994609546021
SPD_1093,1
SPD_1092,0.456896789863759
SPD_1094,0.449702925508173
SPD_1095,0.4350208966038
SPD_1096,0.122357386559504
SPD_1097,0.487016136267699
SPD_1098,0.524749736048178
SPD_1099,0.445817873287161
SPD_1100,0
SPD_1101,0
SPD_1102,0.4256119762771
SPD_1103,0.553536620503522
SPD_1104,0
SPD_1105,0
SPD_1107,0.477853468502289
SPD_1108,0.652651228533422
SPD_1109,0.732041446824669
SPD_1110,0.493727607508725
SPD_1111,0.487386943345126
SPD_1112,0.497293698787482
SPD_1113,0.515362309476894
SPD_1114,1
SPD_1115,1
SPD_1117,0.434797838227606
SPD_1118,0.427675287110203
SPD_1119,0.54340767900322
SPD_1120,0
SPD_1121,0.699107477198258
SPD_1122,0.398958525876632
SPD_1123,0
SPD_1124,0.338079112879045
SPD_1125,0
SPD_1126,0.310202221533949
SPD_1127,0
SPD_1128,0.221298460177483
SPD_1129,0
SPD_1130,0.370697201566069
SPD_1131,0.117984830577227
SPD_1132,0.329850604141834
SPD_1133,0.349156286903724
SPD_1134,0.407419195655958
SPD_1135,0.402573163440083
SPD_1136,0
SPD_1137,0.476147287629525
SPD_1138,0.559291346303674
SPD_1139,0.459200654734116
SPD_1140,0.458683024755434
SPD_1141,0.54221374970179
SPD_1142,0.206719598524214
SPD_1143,0.452333796364351
SPD_1144,0.545922201534102
SPD_1145,0.528285081896084
SPD_1146,0.59603660073844
SPD_1148,0
SPD_1149,0.586126574508045
SPD_1150,0.493152638427066
SPD_1151,0.498969995213414
SPD_1152,0.419245880783813
SPD_1153,0
SPD_1154,0
SPD_1155,0.456338682592513
SPD_1156,1
SPD_1157,1
SPD_1158,0.376789300920744
SPD_1159,0.518814558785668
SPD_1160,0.744915096353799
SPD_1161,1
SPD_1162,1
SPD_1163,0.761683727021099
SPD_1164,1
SPD_1165,1
SPD_1166,1
SPD_1167,1
SPD_1168,1
SPD_1169,1
SPD_1170,1
SPD_1171,1
SPD_1172,0.396483658712857
SPD_1174,1
SPD_1175,1.13034613661872
SPD_1176,0.708575530136402
SPD_1177,1.14522516336944
SPD_1178,0.887262224031505
SPD_1179,1.11355583409315
SPD_1180,0.467720261199537
SPD_1181,0.486234879403433
SPD_1182,0.453670904978073
SPD_1183,0.465088007363283
SPD_1184,0.484115687376474
SPD_1185,1
SPD_1186,1
SPD_1187,0
SPD_1188,0
SPD_1189,1
SPD_1190,0.418454820329581
SPD_1191,0.305709115059736
SPD_1192,0.225727675232898
SPD_1193,0.444861066309076
SPD_1194,0.363937785157836
SPD_1195,0.272836416338967
SPD_1196,0.372317877452673
SPD_1197,0
SPD_1198,0.233481129635838
SPD_1199,0.317248299006286
SPD_1200,0
SPD_1201,0
SPD_1202,0.569264896748075
SPD_1203,0.435648973938647
SPD_1204,0.519731272184168
SPD_1205,0.358989425444159
SPD_1206,0.457713604234666
SPD_1207,0.360897879167528
SPD_1208,0.43833002469782
SPD_1209,0.442721632127173
SPD_1210,0.553866213352024
SPD_1211,0.444215964585702
SPD_1212,0.484347121196574
SPD_1213,0.683999874217647
SPD_1214,0.408732493735253
SPD_1215,0.496547260961159
SPD_1216,0.0138605614890873
SPD_1217,0.525466960573137
SPD_1218,0.428568598313501
SPD_1219,0.410462645185824
SPD_1220,0.399292387408135
SPD_1221,0.319512732081944
SPD_1222,0.336348842648609
SPD_1223,0.532671078084216
SPD_1224,0.430913379779768
SPD_1225,0.579043199643966
SPD_1226,0.48840521722731
SPD_1227,0.409534614599788
SPD_1228,0.502501102030873
SPD_1229,0.482253303417816
SPD_1230,0.419576402292165
SPD_1231,0.369478299731353
SPD_1232,0.476120478680922
SPD_1233,0.304462337686275
SPD_1234,0.388497538021571
SPD_1235,0.479088708329729
SPD_1236,0
SPD_1237,0.424625973312407
SPD_1238,0.403979640030529
SPD_1239,0.470033750650244
SPD_1240,0.382564890557486
SPD_1241,0.476402155824155
SPD_1242,0.442299354419072
SPD_1243,0.492237308519658
SPD_1244,0.329258301300758
SPD_1245,0
SPD_1246,0.387659186480199
SPD_1247,0.433176977582272
SPD_1248,1
SPD_1249,0.509131193081078
SPD_1250,0
SPD_1251,0.244248243767219
SPD_1252,0.565285537604704
SPD_1253,0.503317785224233
SPD_1254,0.717678755463445
SPD_1255,0.556577872960779
SPD_1256,0.453788734457845
SPD_1257,1
SPD_1258,0.516290510178491
SPD_1260,0.941430375495418
SPD_1261,0.501965192427491
SPD_1262,0.778861288088554
SPD_1263,0.944465055514215
SPD_1264,0.904770728452364
SPD_1265,1.00439906681219
SPD_1266,0.53228524081296
SPD_1267,0.561662847352028
SPD_1268,1
SPD_1269,1
SPD_1270,1
SPD_1271,1
SPD_1272,1
SPD_1273,1
SPD_1274,0
SPD_1275,0.502932869613868
SPD_1276,0.557131113824546
SPD_1277,0.619550314434566
SPD_1278,0.579506662465197
SPD_1279,0.643592830431554
SPD_1280,0.399065418110199
SPD_1281,0.479019136396892
SPD_1282,0.51990899938729
SPD_1283,0.494988736605977
SPD_1284,1
SPD_1285,0
SPD_1286,0.427094486139257
SPD_1287,0.338654622844706
SPD_1288,0
SPD_1289,0.364353482841919
SPD_1290,0
SPD_1291,0.488617295130822
SPD_1292,0.575594269125833
SPD_1293,0.487471471532005
SPD_1294,0.537522649041782
SPD_1295,0.606789376689952
SPD_1296,0.483962594635174
SPD_1297,0.440517075832942
SPD_1298,0.246462020017879
SPD_1299,1
SPD_1300,0.456155311815031
SPD_1301,0.422961337061975
SPD_1302,0.65312570008489
SPD_1303,0.477432935737278
SPD_1304,0
SPD_1305,0
SPD_1306,0.518760977945943
SPD_1307,0.472872813304767
SPD_1308,0.469032347395265
SPD_1309,0.654208889534446
SPD_1310,0.588701591792467
SPD_1311,0.40767048347899
SPD_1312,1
SPD_1316,0.471539540369921
SPD_1317,0.484388494444112
SPD_1318,0
SPD_1319,1
SPD_1320,0
SPD_1321,0.446001970907405
SPD_1322,0.555403173687113
SPD_1323,0.675787506893308
SPD_1324,1
SPD_1326,0.186508162931552
SPD_1327,0.451634514421547
SPD_1328,0.524203351193881
SPD_1329,0.455097536567754
SPD_1330,0.505641267454192
SPD_1331,0.417214296742621
SPD_1332,0.392693319000634
SPD_1333,0.311893323974711
SPD_1334,0
SPD_1335,0.233596161618345
SPD_1336,0
SPD_1337,0
SPD_1338,0
SPD_1339,0
SPD_1340,0
SPD_1341,0
SPD_1342,1
SPD_1343,0.479008357876782
SPD_1344,1
SPD_1345,0
SPD_1346,0.20222268000727
SPD_1347,0.45431655362622
SPD_1348,0.476743508865605
SPD_1349,0.257991504643296
SPD_1350,0.39344997112372
SPD_1351,0.211288862643044
SPD_1352,0.594522960112544
SPD_1353,0.531344304953479
SPD_1354,1
SPD_1355,1
SPD_1357,0.693111461620728
SPD_1358,0.213293511519633
SPD_1359,0
SPD_1360,0.502933501134885
SPD_1362,0.528962854072231
SPD_1363,0
SPD_1364,0.610754281199929
SPD_1365,0.393270767434713
SPD_1366,0.453612525267021
SPD_1367,0.346309263946186
SPD_1368,0
SPD_1369,0
SPD_1370,0
SPD_1371,0.24591833000415
SPD_1372,1
SPD_1373,0.27611163227351
SPD_1374,0.459840327778103
SPD_1375,0.475011615619188
SPD_1376,1
SPD_1377,1
SPD_1378,0.508483685145476
SPD_1379,1
SPD_1380,0.573565771408377
SPD_1381,0.445687725795626
SPD_1382,0.52181156065346
SPD_1383,0
SPD_1384,0.454629134539267
SPD_1385,0.23322591205437
SPD_1386,0
SPD_1387,0.378671075175004
SPD_1388,0.422181606233972
SPD_1389,0.470306434080758
SPD_1390,0
SPD_1391,0
SPD_1392,0
SPD_1393,0.362593377612298
SPD_1394,0.358575729524275
SPD_1395,0.437919392605138
SPD_1396,0.357716745094622
SPD_1397,0.449497145560076
SPD_1398,0
SPD_1399,0.277770041247068
SPD_1400,0.481133224462852
SPD_1401,0
SPD_1402,0
SPD_1403,0.672002077841133
SPD_1404,0.363670074953184
SPD_1405,0
SPD_1406,0.37729825821925
SPD_1407,0.471331413191762
SPD_1408,0.516922927233156
SPD_1409,0.439370667175167
SPD_1411,0.495936748361498
SPD_1412,0
SPD_1413,0.236275018082107
SPD_1414,0.560425461209629
SPD_1415,0.479608794635044
SPD_1416,0.261826455940024
SPD_1417,0.354537141836073
SPD_1418,0.361623841349131
SPD_1419,0.496010156080444
SPD_1422,0.465687236235075
SPD_1423,0.46227517298781
SPD_1424,0.427389878520406
SPD_1425,0.493679057975983
SPD_1426,0.617449951741425
SPD_1427,0.498873694544334
SPD_1428,0.376209462300322
SPD_1429,0.441319322982417
SPD_1430,0.476625950618816
SPD_1431,0.461635643206042
SPD_1432,0
SPD_1433,0.34871797476312
SPD_1434,0.51745859589289
SPD_1435,0.379444940375675
SPD_1436,0.139971187854619
SPD_1437,0.372368978415208
SPD_1438,0.775600653210996
SPD_1439,0
SPD_1440,0.675970537886585
SPD_1441,1
SPD_1442,0.51262582072807
SPD_1443,0.517757663852397
SPD_1444,0.13137135071766
SPD_1445,0.604675964293179
SPD_1446,0.521714829926715
SPD_1447,0.610863212735873
SPD_1448,0.444615282213648
SPD_1449,0.520143694150222
SPD_1450,0
SPD_1451,1
SPD_1452,1
SPD_1454,0.545301756337203
SPD_1455,0.505047169752861
SPD_1456,0.487474077497934
SPD_1457,0.522041296469644
SPD_1458,0.298866775790381
SPD_1459,0.555868791474901
SPD_1460,0.556326062197048
SPD_1461,0
SPD_1462,0.358321926150776
SPD_1463,0
SPD_1464,0.495737222568084
SPD_1465,0.783100282153226
SPD_1466,0.466236732063943
SPD_1467,0.5455372892479
SPD_1468,0.378730226713882
SPD_1469,0.488646478308957
SPD_1470,0.508216769302266
SPD_1471,0.512207213136713
SPD_1472,0.0062357512824235
SPD_1473,1
SPD_1474,0.391586313140223
SPD_1475,0.464035679413225
SPD_1476,0.476285758904851
SPD_1477,0.413405264047113
SPD_1478,0.52000091076957
SPD_1479,0
SPD_1480,0
SPD_1481,0.419513326927563
SPD_1482,0.439951542198847
SPD_1483,0
SPD_1484,0.310487265073345
SPD_1485,0
SPD_1486,0
SPD_1487,0.608368527959925
SPD_1488,0.6470776122632
SPD_1489,0.761683727021101
SPD_1490,0.575451210592963
SPD_1491,1
SPD_1492,0.485535720381086
SPD_1493,0.583135801678421
SPD_1494,0.616759813395221
SPD_1495,0.772958982939639
SPD_1496,0.984888062101159
SPD_1497,0.396483658712857
SPD_1498,0.607210241207304
SPD_1499,1.2296618138541
SPD_1500,0.755328753948186
SPD_1501,0.809188434620379
SPD_1502,0.698971729961595
SPD_1503,0.468894980172776
SPD_1504,1
SPD_1505,0.521207023673761
SPD_1506,0.417334519143881
SPD_1507,0.123375280296863
SPD_1508,0.298332916489308
SPD_1509,0.439293365147552
SPD_1510,0.443897680989374
SPD_1511,0.399155445909216
SPD_1512,0.0333792218556447
SPD_1514,0.468205162082952
SPD_1515,0.568093902693078
SPD_1516,0.610781550662607
SPD_1517,1
SPD_1518,1
SPD_1519,0
SPD_1520,0.40873592680664
SPD_1521,1
SPD_1522,0
SPD_1523,0
SPD_1524,0.454529526028758
SPD_1525,0.835484767318295
SPD_1526,0.809989146042662
SPD_1527,0.711320933845621
SPD_1528,0.413276355281707
SPD_1530,0.642314309440077
SPD_1531,0.638344270025505
SPD_1532,0.456004951588244
SPD_1533,0.521487985590782
SPD_1534,0.246957579234135
SPD_1535,0.404148430221407
SPD_1536,0
SPD_1537,0.273689992886398
SPD_1538,0.554340114240017
SPD_1540,0.506415981055035
SPD_1541,0.399364544750009
SPD_1542,0
SPD_1543,0
SPD_1544,0.392739506067271
SPD_1545,0
SPD_1546,0
SPD_1547,0
SPD_1548,0.385020173317408
SPD_1549,0.195624712215731
SPD_1550,0.502735606899908
SPD_1551,0.478785754512101
SPD_1552,0.422878425557178
SPD_1553,0.522256250125576
SPD_1554,0.490037777564126
SPD_1555,0.442983735944451
SPD_1556,0.442846954795829
SPD_1557,0.397838997537526
SPD_1558,0.465038102488507
SPD_1559,0.289649144291315
SPD_1560,0
SPD_1561,0.498094760161341
SPD_1562,0.468441012474522
SPD_1563,1
SPD_1564,0.578227880384022
SPD_1565,0.447963134647631
SPD_1566,0.500707075768902
SPD_1567,0
SPD_1568,0.606800196199685
SPD_1569,0.424579169439933
SPD_1570,0.541539032152838
SPD_1571,0.691860883695875
SPD_1572,0.463453776219484
SPD_1573,0.450952557689253
SPD_1574,1
SPD_1575,0.521596848687386
SPD_1576,0.463762067450631
SPD_1577,0.571718075483926
SPD_1578,1
SPD_1579,0.48276695816511
SPD_1580,0.519034415873286
SPD_1582,0.737135081668301
SPD_1583,1
SPD_1584,1
SPD_1585,1
SPD_1586,1
SPD_1587,0.854764676562145
SPD_1588,0.598901041181392
SPD_1589,0.904719231178955
SPD_1590,0.489547167500221
SPD_1591,0.494533229670329
SPD_1592,0.566444047345259
SPD_1593,0.422472996377799
SPD_1594,0.296671697714215
SPD_1595,0.77002405600529
SPD_1596,0.466559241003459
SPD_1597,0.550005904856177
SPD_1598,0.59071550350478
SPD_1599,0.433775173233344
SPD_1600,0.418184464704703
SPD_1601,0.506750697941333
SPD_1602,0.634432456197987
SPD_1603,1
SPD_1604,1
SPD_1605,0.816364767052827
SPD_1606,0.85746952186207
SPD_1607,1.06058680982957
SPD_1608,0.816197477150528
SPD_1609,0.913584294210533
SPD_1610,0.646277566157067
SPD_1611,1
SPD_1612,0.945529107633685
SPD_1613,0.917088078521322
SPD_1614,1.1903197669048
SPD_1615,0.776501972801985
SPD_1616,0.664878983067055
SPD_1617,1.03462962885955
SPD_1618,0.500768738134822
SPD_1619,0
SPD_1620,0.372401476357467
SPD_1621,0.515271334935857
SPD_1622,0.500871853355834
SPD_1623,0.415831441502705
SPD_1624,0.488186688087653
SPD_1625,0.501956591288368
SPD_1626,0.34813707520525
SPD_1628,0.43355871859582
SPD_1629,0.459723255028556
SPD_1630,0.761586850713169
SPD_1631,0.599818514838395
SPD_1632,0.536506446322136
SPD_1633,0.361858199313935
SPD_1634,0.390417306083219
SPD_1635,0.569825201160692
SPD_1636,0.726996927874901
SPD_1637,0.565958473896715
SPD_1638,0.52754032458409
SPD_1639,0.517991557103044
SPD_1640,0.584681384155623
SPD_1642,0.513476706690067
SPD_1643,0.488461783406098
SPD_1644,0.648465235088641
SPD_1645,0.470507257154075
SPD_1646,0.524969589302668
SPD_1647,0.434800800910089
SPD_1648,0.570061047594039
SPD_1649,0.524204779612934
SPD_1650,0.610326068540835
SPD_1651,0.467124548694775
SPD_1652,0.467792364378243
SPD_1653,0.492103594007646
SPD_1654,0.420497892022775
SPD_1655,0.400933029914714
SPD_1656,0.381223255452136
SPD_1657,0.420199405768849
SPD_1658,0.452903144915848
SPD_1659,0.445553179777913
SPD_1660,0.489746314040655
SPD_1661,0.354402210541876
SPD_1662,0.479151736447362
SPD_1663,0.192386945233341
SPD_1664,0.455050010503104
SPD_1665,0.478014692975386
SPD_1667,0.358889947734711
SPD_1668,0.345661552889026
SPD_1669,0.357040969375467
SPD_1670,0.356332856396468
SPD_1671,0.775638264184525
SPD_1672,0.288484927975233
SPD_1673,0.838965199422029
SPD_1674,1
SPD_1675,0.750093497477832
SPD_1676,0.577335281222199
SPD_1677,0.500439876866757
SPD_1678,0.549076697287266
SPD_1679,0.441313183058901
SPD_1680,0.349200239078826
SPD_1704,0.605832788749442
SPD_1705,0.47071059780015
SPD_1706,0.40621471714503
SPD_1707,0.546386431900721
SPD_1708,1
SPD_1709,0
SPD_1710,0.454384520574546
SPD_1711,0.508480293160275
SPD_1712,0.516317639074616
SPD_1713,0.475381264136293
SPD_1714,0.515616662289628
SPD_1715,0.491808912489929
SPD_1716,1
SPD_1717,0.393951231782245
SPD_1718,0.498920599104442
SPD_1719,0.576426611835022
SPD_1720,0.506663354682685
SPD_1721,0.48047601530801
SPD_1723,1
SPD_1725,0.403671031162297
SPD_1726,0.641888748067526
SPD_1727,0.70129228212907
SPD_1728,0.478817157603596
SPD_1729,0.462236626027757
SPD_1731,0.507820618819232
SPD_1732,0.608657860723394
SPD_1733,0.488860253319584
SPD_1734,0.699248692342745
SPD_1735,0.736806832439009
SPD_1736,0.586502449249243
SPD_1737,0.542180656508336
SPD_1738,0.570134776845161
SPD_1739,0.287844114658427
SPD_1740,0.557251919318645
SPD_1741,0.310061107639634
SPD_1742,0.529804907719404
SPD_1743,0.423480798062313
SPD_1744,0.509838503368928
SPD_1745,0.75977086161147
SPD_1746,0.497470398266894
SPD_1747,0.514022193737659
SPD_1748,0.518002956445288
SPD_1749,1.33506717133598
SPD_1750,0.928421313991259
SPD_1751,0.980246607644009
SPD_1752,1.82285143394483
SPD_1753,0.927681930726397
SPD_1754,0.698265330431458
SPD_1755,0.622850260355205
SPD_1756,0.595704180353234
SPD_1757,0.455495045305999
SPD_1758,0
SPD_1759,0
SPD_1761,0.65158968311734
SPD_1762,0.489482471065537
SPD_1763,0.501214738816073
SPD_1764,0.600815450912266
SPD_1765,0.726068675838457
SPD_1766,0
SPD_1767,0
SPD_1768,0.466449593678959
SPD_1770,0.635517652072367
SPD_1769,0.604326647165082
SPD_1771,0.406689165804627
SPD_1772,0.505179263683639
SPD_1773,0
SPD_1774,0.481188673950896
SPD_1775,0.555885279379521
SPD_1776,0.488894672372327
SPD_1777,0.468690356645224
SPD_1778,0.290552797480871
SPD_1779,0.427091897268986
SPD_1780,0
SPD_1781,0
SPD_1782,0
SPD_1783,0.462793311579524
SPD_1784,0.422076996177408
SPD_1785,0.551122160839551
SPD_1786,0.573129972315925
SPD_1787,0
SPD_1788,0.43940197833994
SPD_1789,0.441489805249345
SPD_1790,0
SPD_1791,0.279387628091505
SPD_1792,0.662448452659977
SPD_1793,0.476792812770834
SPD_1794,0.434641203251039
SPD_1796,0.37633106771272
SPD_1795,1
SPD_1797,0.357599380821563
SPD_1798,0.488553054752451
SPD_1799,0.655470292109025
SPD_1800,0.495207615169821
SPD_1801,1
SPD_1802,1
SPD_1803,1
SPD_1818,1
SPD_1819,0.401721612436235
SPD_1820,0
SPD_1821,0.14699690707461
SPD_1822,0.550274540283619
SPD_1823,0
SPD_1824,0.673249212620178
SPD_1826,0.548080402599239
SPD_1827,0.542226943272198
SPD_1828,0.607204263958325
SPD_1829,0.523011500529619
SPD_1830,0.759421833045443
SPD_1831,0.948090011424714
SPD_1832,0.535765820282995
SPD_1833,0.690528474401371
SPD_1834,0.600057424857836
SPD_1835,1
SPD_1836,0.469115759859842
SPD_1837,0.504950584477169
SPD_1838,0.602580248006037
SPD_1839,0.122193209403748
SPD_1840,0.634647236637719
SPD_1841,0.786131524665582
SPD_1842,0.733410702367288
SPD_1843,0.665455235422126
SPD_1844,0.590289772826095
SPD_1845,0.531596450330796
SPD_1846,0.478527998758101
SPD_1847,0.64699843790615
SPD_1848,0.453951440625299
SPD_1849,0.321621094808656
SPD_1850,0.439419020308268
SPD_1851,0
SPD_1852,0.501507809165458
SPD_1853,0.2748912909116
SPD_1854,0.478560927470473
SPD_1855,1
SPD_1856,1
SPD_1857,0.481565709587047
SPD_1858,0.503027943546626
SPD_1859,0.495028712938326
SPD_1860,0.486497436471003
SPD_1861,0.485573108722578
SPD_1862,0.576059045566248
SPD_1863,0.569867296735291
SPD_1864,0.727859214704366
SPD_1865,0.64417803399659
SPD_1866,0.320789938192591
SPD_1867,0.328480707639099
SPD_1868,0.543220460799542
SPD_1869,0.607029299764696
SPD_1871,0.558541423824115
SPD_1873,1
SPD_1874,0.445598923773502
SPD_1875,0.579433940777072
SPD_1876,0.638925273207328
SPD_1877,0.33742834160399
SPD_1878,0.305380850215092
SPD_1895,0.451485121312044
SPD_1896,0.222342447704359
SPD_1897,0.254497584216248
SPD_1898,0
SPD_1899,0.508483685145476
SPD_1900,0.309498527279168
SPD_1901,1
SPD_1902,0.247435382700855
SPD_1903,1
SPD_1904,0.60100627641438
SPD_1905,0
SPD_1906,1
SPD_1907,0.536645517575886
SPD_1908,0.504019786089563
SPD_1909,0.525889648766148
SPD_1910,0.459834803545936
SPD_1911,0.650986079673115
SPD_1912,0.851259534074697
SPD_1913,0.702394269814568
SPD_1914,0.624352356771879
SPD_1916,0.588661218546493
SPD_1917,1
SPD_1918,0
SPD_1919,0.343455041708914
SPD_1920,0.672825136746881
SPD_1921,0.56379374766446
SPD_1922,0.450643204727152
SPD_1923,0.391784800732199
SPD_1924,0.667176920196542
SPD_1925,0.935026436525815
SPD_1926,0.27177204696627
SPD_1927,0.888418974944501
SPD_1928,0.640405313768747
SPD_1929,0.674499185369735
SPD_1930,0.751362959451012
SPD_1931,0.88895973187834
SPD_1932,0.567558632630164
SPD_1933,0.22819373393489
SPD_1934,0.95466532312468
SPD_1935,0.768478778451479
SPD_1936,0.613160710999736
SPD_1937,0.694916800663986
SPD_1938,0.587431283857016
SPD_1939,1
SPD_1940,0.454122875903671
SPD_1941,0.173397749408751
SPD_1942,1
SPD_1943,0.486276835568366
SPD_1944,0.611339992383858
SPD_1945,0.598007087254237
SPD_1946,0.533906080656495
SPD_1947,0.485208879418813
SPD_1948,1
SPD_1949,1
SPD_1950,0.262097670810378
SPD_1951,0.711398037852257
SPD_1952,1
SPD_1953,0.497029410431293
SPD_1954,0.477957585587967
SPD_1955,1
SPD_1956,0.617050951538074
SPD_1957,1.07098483675154
SPD_1958,0.971472042792953
SPD_1959,1.24556844886321
SPD_1960,0.777949738328036
SPD_1961,1.18855498274634
SPD_1962,0.731906342966802
SPD_1963,0.489793277103691
SPD_1964,0.494114177998181
SPD_1965,1.05122900226497
SPD_1966,1
SPD_1967,1
SPD_1968,0.540991599319612
SPD_1969,0.639822641787622
SPD_1970,0.523265852045011
SPD_1971,0.757821318661781
SPD_1972,0.594227661848425
SPD_1973,0.755221788672915
SPD_1974,0.595994684116987
SPD_1976,0.607389323025198
SPD_1977,0.571347520399498
SPD_1978,0.853605123515148
SPD_1979,0.717484386710159
SPD_1981,1
SPD_1982,1
SPD_1983,1
SPD_1984,0.586877920849399
SPD_1985,0.920591872201969
SPD_1986,1.02344579161925
SPD_1987,1.54828253659339
SPD_1988,1.42681440633127
SPD_1989,1.1444222029689
SPD_1990,0.974005831013818
SPD_1991,0.763757586570838
SPD_1992,0.651367280311549
SPD_1993,1.01654124903547
SPD_1994,0.837864426255785
SPD_1995,0.893761880288271
SPD_1996,0.746092918209663
SPD_1997,0.786661244856907
SPD_1998,0.370151397831103
SPD_1999,0.371952154115804
SPD_2000,0.422934154196825
SPD_2001,1
SPD_2002,0.708386274809675
SPD_2003,0.513768116255808
SPD_2004,0.801339737114068
SPD_2005,0.669675568679742
SPD_2006,0.526326210177618
SPD_2007,0.755695720290361
SPD_2009,0.857034825817026
SPD_2010,0.49671206601317
SPD_2011,0.519138482456388
SPD_2012,0.318388435158563
SPD_2013,0.494728797055632
SPD_2014,0.516210796469464
SPD_2015,0.369460386678105
SPD_2016,0.400743908332685
SPD_2017,1
SPD_2018,0.632346321620892
SPD_2019,0.741555459486139
SPD_2020,0.571822715646031
SPD_2021,1
SPD_2022,0.312765111391666
SPD_2023,0.469728981327044
SPD_2024,0.634448451228712
SPD_2025,0.537519570793146
SPD_2026,0.516703021532578
SPD_2027,0.462760777553656
SPD_2028,0.552856865993481
SPD_2029,0
SPD_2030,0
SPD_2031,0.429545711174194
SPD_2032,0.150057798203182
SPD_2033,0.655800084486449
SPD_2034,0.71225820252111
SPD_2035,0.651380422299313
SPD_2036,0.524432993593512
SPD_2037,0.53275471170429
SPD_2038,1
SPD_2041,0.305589787255842
SPD_2042,0
SPD_2043,0
SPD_2044,0
SPD_2045,0
SPD_2046,0.379550270279226
SPD_2047,0.397672570724074
SPD_2048,0.380736945758077
SPD_2049,0.410034104703412
SPD_2050,0.379371996434491
SPD_2051,0.336343129848285
SPD_2052,0.388484666605582
SPD_2053,0.438397022845965
SPD_2054,0
SPD_2055,0.218729064272629
SPD_2056,0
SPD_2057,0.347138417375129
SPD_2058,0.757367023963708
SPD_2060,0.739739600904125
SPD_2063,0.88287215062729
SPD_2064,1.08212727052153
SPD_2065,1
SPD_2067,0.514770577115988
SPD_2068,0.334889401049393
SPD_2069,1
